"","baseMean","log2FoldChange","lfcSE","stat","pvalue","padj"
"XR_007068865.1",1.74303579453098,-3.96455758685495,4.43396806967855,-0.894133093552559,0.371250684705421,0.627659634627179
"NM_001377130.1",4.98493266025058,6.10632735068759,3.90313277904154,1.56446826084842,0.117707641039726,0.620463109107511
"NM_001377129.1",2.69468377157541,-4.59298648296238,4.42460801805803,-1.0380550015317,0.299244449280088,0.62082890811225
"XM_047443014.1",0,NA,NA,NA,NA,NA
"XM_047443012.1",0,NA,NA,NA,NA,NA
"NM_004036.5",0,NA,NA,NA,NA,NA
"XM_047443009.1",0,NA,NA,NA,NA,NA
"XM_047443010.1",0,NA,NA,NA,NA,NA
"NM_001320613.2",0,NA,NA,NA,NA,NA
"XM_047443008.1",2.53879757253809,5.13168186136936,4.3471480521355,1.18047092020445,0.237812969625241,0.620463109107511
"XM_017003187.2",0,NA,NA,NA,NA,NA
"XM_011532491.2",0,NA,NA,NA,NA,NA
"XM_011532494.2",2.51771836987808,-4.49483576667187,4.42581627211106,-1.01559474915299,0.309822406343712,0.62082890811225
"XM_047443013.1",3.87341287673551,0.58563600781435,4.09670790227085,0.142952834760253,0.886327430922962,0.95304024830426
"NM_001377128.1",0,NA,NA,NA,NA,NA
"XM_047443007.1",3.2663485356558,-4.86890736198507,4.42161898409099,-1.10115941231106,0.270827283006278,0.620463109107511
"XM_006711925.2",0,NA,NA,NA,NA,NA
"XM_047443006.1",0,NA,NA,NA,NA,NA
"XM_017003189.2",0,NA,NA,NA,NA,NA
"XM_047443011.1",0,NA,NA,NA,NA,NA
"XM_011532493.2",3.46459342059696,-4.95540013474925,4.42079338568158,-1.12093004635756,0.262317640121268,0.620463109107511
"XM_011532490.2",0,NA,NA,NA,NA,NA
"XM_017003188.2",0,NA,NA,NA,NA,NA
"XM_011532489.2",0,NA,NA,NA,NA,NA
"XM_011532492.3",0,NA,NA,NA,NA,NA
"XM_047443005.1",3.2663485356558,-4.86890736198507,4.42161898409099,-1.10115941231106,0.270827283006278,0.620463109107511
"NM_001377132.1",0,NA,NA,NA,NA,NA
"XM_047443016.1",0,NA,NA,NA,NA,NA
"XM_017003191.1",0.968353219183878,3.74472157406749,4.37791756509494,0.855365940173038,0.392348593135263,0.648510071297956
"NM_001377131.1",0,NA,NA,NA,NA,NA
"XM_047443015.1",2.53879757253809,5.13168186136936,4.3471480521355,1.18047092020445,0.237812969625241,0.620463109107511
"XR_008486253.1",0,NA,NA,NA,NA,NA
"XM_054340246.1",0,NA,NA,NA,NA,NA
"XM_054340244.1",0,NA,NA,NA,NA,NA
"XM_054340241.1",0,NA,NA,NA,NA,NA
"XM_054340242.1",0,NA,NA,NA,NA,NA
"XM_054340240.1",0,NA,NA,NA,NA,NA
"XM_054340231.1",0,NA,NA,NA,NA,NA
"XM_054340230.1",0,NA,NA,NA,NA,NA
"XM_054340239.1",0,NA,NA,NA,NA,NA
"XM_054340245.1",0,NA,NA,NA,NA,NA
"XM_054340238.1",0,NA,NA,NA,NA,NA
"XM_054340229.1",0,NA,NA,NA,NA,NA
"XM_054340237.1",0,NA,NA,NA,NA,NA
"XM_054340236.1",0,NA,NA,NA,NA,NA
"XM_054340243.1",0,NA,NA,NA,NA,NA
"XM_054340235.1",0,NA,NA,NA,NA,NA
"XM_054340228.1",0,NA,NA,NA,NA,NA
"XM_054340233.1",0,NA,NA,NA,NA,NA
"XM_054340227.1",0,NA,NA,NA,NA,NA
"XM_054340232.1",0,NA,NA,NA,NA,NA
"XM_054340234.1",0,NA,NA,NA,NA,NA
"XM_054340249.1",0,NA,NA,NA,NA,NA
"XM_054340247.1",0,NA,NA,NA,NA,NA
"XM_054340248.1",0,NA,NA,NA,NA,NA
"NM_001138.2",28.9894573887115,0.0214727491943167,0.790217225240785,0.0271732233978749,0.978321572450674,0.978321572450674
"XM_047433694.1",2.86756494042764,0.251193855293517,3.70759611225837,0.0677511378499397,0.945983740679458,0.970374910135025
"NM_032139.3",31.8570223291392,0.0420638642172617,0.649946779429058,0.0647189363015421,0.948397785441506,0.970374910135025
"XM_011537912.3",0,NA,NA,NA,NA,NA
"XM_011537911.3",6.7617672921477,-5.91984738568759,4.11224785164449,-1.43956483151186,0.149990555486667,0.620463109107511
"XM_047428302.1",0,NA,NA,NA,NA,NA
"XM_011537913.3",8.15996944060217,-6.19058612437052,3.9815705308947,-1.55481011232506,0.119991300046851,0.620463109107511
"XM_047428308.1",0,NA,NA,NA,NA,NA
"XM_011537915.3",2.32404772604131,5.00627121005546,4.34888390615749,1.15116230234778,0.249665470762498,0.620463109107511
"XM_047428305.1",0,NA,NA,NA,NA,NA
"XM_047428303.1",0,NA,NA,NA,NA,NA
"XM_047428307.1",0,NA,NA,NA,NA,NA
"XM_047428306.1",0,NA,NA,NA,NA,NA
"XM_011537918.3",2.87725755265586,-0.680034958497537,3.7724453713408,-0.180263699419944,0.856945552464913,0.946901162944655
"NM_001286615.2",0,NA,NA,NA,NA,NA
"NM_178826.4",0,NA,NA,NA,NA,NA
"XM_011537916.3",1.93670643836776,-4.11648489913551,4.43132066405274,-0.928952159235235,0.352913880003314,0.627659634627179
"NM_001286616.1",5.92386100258887,6.35462089978044,4.33620681252268,1.46547920210556,0.142790222598838,0.620463109107511
"XM_024448842.2",0,NA,NA,NA,NA,NA
"XM_024448841.2",3.87341287673551,5.74279181412848,4.34054160920213,1.32305880951665,0.185815821307373,0.620463109107511
"XM_054371108.1",0,NA,NA,NA,NA,NA
"XM_054371111.1",0,NA,NA,NA,NA,NA
"XM_054371105.1",0,NA,NA,NA,NA,NA
"XM_054371107.1",0,NA,NA,NA,NA,NA
"XM_054371106.1",0,NA,NA,NA,NA,NA
"XM_054371104.1",0,NA,NA,NA,NA,NA
"XM_054371113.1",0,NA,NA,NA,NA,NA
"XM_054371112.1",0,NA,NA,NA,NA,NA
"XM_054371109.1",0,NA,NA,NA,NA,NA
"XM_054371110.1",0,NA,NA,NA,NA,NA
"XM_054371117.1",0,NA,NA,NA,NA,NA
"XM_054371114.1",0,NA,NA,NA,NA,NA
"NM_170731.5",0.581011931510327,3.00935325784305,4.41079537911243,0.682269976089577,0.495068254217575,0.738907842115783
"NM_001143805.1",3.34478164343375,1.77631302279627,4.09019006369186,0.434286181115246,0.664080637450419,0.857180142109806
"NM_001143806.1",11.8192852833991,-6.7252111433715,4.24353375150086,-1.58481386909976,0.113008630324522,0.620463109107511
"NM_170732.4",6.77012686010157,6.54731607256698,4.33518007189649,1.510275458916,0.130973151072007,0.620463109107511
"NM_001143807.2",0,NA,NA,NA,NA,NA
"NM_170733.4",7.3073796466587,-2.48713534690748,4.12522195036861,-0.602909462043672,0.546568921021158,0.780812744315939
"NM_001143808.2",0,NA,NA,NA,NA,NA
"NM_001143809.2",4.45442480824584,-0.32067915920997,4.11197583461139,-0.0779866351622848,0.937838684207787,0.970374910135025
"NM_001143810.2",4.81670823271022,-1.79555098178885,4.13755780199239,-0.433963963216229,0.6643146101351,0.857180142109806
"NM_001143811.2",0,NA,NA,NA,NA,NA
"NM_001143812.2",0,NA,NA,NA,NA,NA
"NM_001143813.2",0,NA,NA,NA,NA,NA
"NM_001709.5",6.73670942893853,-5.91447984529482,4.41429907619682,-1.33984574746813,0.1802954991696,0.620463109107511
"NM_001143814.2",0,NA,NA,NA,NA,NA
"NM_170734.4",0,NA,NA,NA,NA,NA
"NM_001143816.2",0,NA,NA,NA,NA,NA
"NM_170735.6",0,NA,NA,NA,NA,NA
"NM_001098517.2",9.85453143562916,1.34586069359229,4.18616801954442,0.321501833492761,0.747830123028989,0.913827728314222
"XM_005271494.4",0,NA,NA,NA,NA,NA
"NM_001301045.2",0,NA,NA,NA,NA,NA
"NM_014333.4",0,NA,NA,NA,NA,NA
"NM_001301044.2",0,NA,NA,NA,NA,NA
"NM_001301043.2",0,NA,NA,NA,NA,NA
"XM_047426695.1",12.9675874628784,0.711885984973784,4.1800015840651,0.170307587367339,0.864768244575047,0.947378301966543
"XM_017017457.3",0,NA,NA,NA,NA,NA
"XM_047426691.1",0,NA,NA,NA,NA,NA
"XM_047426690.1",0,NA,NA,NA,NA,NA
"XM_047426693.1",0,NA,NA,NA,NA,NA
"XM_047426692.1",0,NA,NA,NA,NA,NA
"XM_047426694.1",7.19758237932524,-6.00945791299132,4.08981114867692,-1.46937295990682,0.141731657372239,0.620463109107511
"XM_054368269.1",0,NA,NA,NA,NA,NA
"XM_054368264.1",0,NA,NA,NA,NA,NA
"XM_054368266.1",0,NA,NA,NA,NA,NA
"XM_054368265.1",0,NA,NA,NA,NA,NA
"XM_054368268.1",0,NA,NA,NA,NA,NA
"XM_054368267.1",0,NA,NA,NA,NA,NA
"XM_054368270.1",1.83732105130639,-4.0381287198159,4.43265143067365,-0.910996224939394,0.362297362738783,0.627659634627179
"NM_001375961.1",13.3632744247375,-0.607159323170549,4.18231126545101,-0.145173155376104,0.884574160284439,0.95304024830426
"NM_001375960.1",8.77831168957496,-6.29573476925266,4.41270008184962,-1.42673072098155,0.153657526989015,0.620463109107511
"NM_001167675.2",0,NA,NA,NA,NA,NA
"NM_001375964.1",10.7918606336969,-1.43751555135459,4.19393458801366,-0.342760603721153,0.731778566133174,0.903430328559474
"NM_001375968.1",6.77012686010157,6.54731607256698,4.33518007189649,1.510275458916,0.130973151072007,0.620463109107511
"NM_001375967.1",0,NA,NA,NA,NA,NA
"NM_001167674.2",0,NA,NA,NA,NA,NA
"NM_001381963.1",0,NA,NA,NA,NA,NA
"XM_017006062.3",0,NA,NA,NA,NA,NA
"NM_001381964.1",4.36286615307261,-5.28727452629623,4.10984828774513,-1.28648897869588,0.198272462788437,0.620463109107511
"XM_047447872.1",0.397817427315263,-1.82981872406571,4.10953716051578,-0.445261510626188,0.656130779477149,0.857180142109806
"NM_001256504.2",0,NA,NA,NA,NA,NA
"NM_001256502.2",0,NA,NA,NA,NA,NA
"NM_001256505.2",1.35569450685743,-3.60219962497011,4.44152191626526,-0.811028222506013,0.417349463536975,0.664907103791522
"NM_001256503.2",0,NA,NA,NA,NA,NA
"NM_153184.4",0,NA,NA,NA,NA,NA
"XM_017006063.3",0,NA,NA,NA,NA,NA
"XM_054345952.1",0,NA,NA,NA,NA,NA
"XM_054345954.1",0,NA,NA,NA,NA,NA
"XM_054345953.1",0,NA,NA,NA,NA,NA
"NM_001742.4",20.7501219001614,1.01493366726106,1.4098563052987,0.719884475777146,0.471596127071813,0.723505936287351
"NM_001164737.3",11.1069004289778,-2.6680312557551,2.82400172179328,-0.944769698674567,0.344776464793652,0.627659634627179
"NM_001164738.2",0,NA,NA,NA,NA,NA
"NM_001370546.1",4.49122923652672,-5.32858595658336,4.41774646151003,-1.20617740357196,0.227749094667475,0.620463109107511
"NM_001424094.1",1.90409817940357,4.71632455763262,4.35352143188835,1.08333555523279,0.278659509034066,0.620463109107511
"NM_001370547.1",0,NA,NA,NA,NA,NA
"NM_001424096.1",0,NA,NA,NA,NA,NA
"NM_001424097.1",10.0772402437495,0.363766404080657,4.18451663701277,0.0869315229537101,0.930725942666554,0.970374910135025
"NM_001424095.1",2.51771836987808,-4.49483576667187,4.42581627211106,-1.01559474915299,0.309822406343712,0.62082890811225
"NM_001370545.1",0,NA,NA,NA,NA,NA
"NM_016083.6",11.3987257520096,0.160008258895209,4.18251614156613,0.0382564593845881,0.969483205730602,0.978321572450674
"NM_001160226.3",0,NA,NA,NA,NA,NA
"NM_001365870.2",0,NA,NA,NA,NA,NA
"NM_001365869.2",2.32404772604131,-4.37940372072683,4.42734607577369,-0.989171310707061,0.322579332505811,0.627659634627179
"NM_001160258.3",0,NA,NA,NA,NA,NA
"NM_001424098.1",0,NA,NA,NA,NA,NA
"XM_047418171.1",10.5934170635346,-2.43385097313381,4.21304941437814,-0.577693431467397,0.563471114630096,0.799249807985952
"NM_001365872.2",0,NA,NA,NA,NA,NA
"XM_047418173.1",0,NA,NA,NA,NA,NA
"NM_001160259.3",0,NA,NA,NA,NA,NA
"NM_001365874.3",0,NA,NA,NA,NA,NA
"XM_047418172.1",0,NA,NA,NA,NA,NA
"NM_033181.4",9.29619090416523,7.00542007661929,4.33322460766424,1.61667596556816,0.105948244565353,0.620463109107511
"XM_054354204.1",0,NA,NA,NA,NA,NA
"XM_054354206.1",0,NA,NA,NA,NA,NA
"XM_054354205.1",0,NA,NA,NA,NA,NA
"XM_005265821.4",0,NA,NA,NA,NA,NA
"NM_153607.3",0,NA,NA,NA,NA,NA
"XM_011534442.2",22.4299576081599,-0.578694443576528,1.25976418137261,-0.459367278521917,0.645970441758985,0.857180142109806
"NM_001168394.2",0,NA,NA,NA,NA,NA
"NM_001168393.2",1.54936515069421,4.42184993182373,4.35928217347437,1.01435276631783,0.310414454056125,0.62082890811225
"XM_047416801.1",0,NA,NA,NA,NA,NA
"XM_047416802.1",0,NA,NA,NA,NA,NA
"XM_006714822.5",0,NA,NA,NA,NA,NA
"XM_054351764.1",0,NA,NA,NA,NA,NA
"XM_054351766.1",0,NA,NA,NA,NA,NA
"XM_054351765.1",0,NA,NA,NA,NA,NA
"NR_169285.1",0,NA,NA,NA,NA,NA
"NR_169289.1",0,NA,NA,NA,NA,NA
"NR_169290.1",0,NA,NA,NA,NA,NA
"NR_169284.1",0,NA,NA,NA,NA,NA
"NR_169291.1",0,NA,NA,NA,NA,NA
"NR_169283.1",8.37001812261799,-6.22700626894707,4.41295805374296,-1.41107307006136,0.158223069633243,0.620463109107511
"NR_158699.2",8.13416704114458,-6.18631375253321,4.41311667903835,-1.40180153901602,0.160974518770645,0.620463109107511
"NR_169287.1",0.769909649021546,-2.78723695801312,4.46724693465235,-0.623927219333361,0.532675383542004,0.771993309481165
"NR_169286.1",0,NA,NA,NA,NA,NA
"NR_169292.1",1.42902748434941,-3.67510456820285,4.43984708759943,-0.827754761750124,0.407809399075896,0.664618997648822
"NR_169288.1",0,NA,NA,NA,NA,NA
"NM_001384615.1",0,NA,NA,NA,NA,NA
"NM_001384619.1",0,NA,NA,NA,NA,NA
"NM_001384631.1",1.16202386302065,4.00734077544735,4.36964799160499,0.917085491359095,0.359097843163181,0.627659634627179
"NM_001384620.1",0,NA,NA,NA,NA,NA
"NM_001384618.1",0,NA,NA,NA,NA,NA
"NM_001384630.1",6.77847253428715,6.549851105148,4.33516745599763,1.51086461402693,0.130822948142442,0.620463109107511
"NM_001384617.1",0,NA,NA,NA,NA,NA
"NM_001384622.1",0,NA,NA,NA,NA,NA
"NM_139159.5",0,NA,NA,NA,NA,NA
"NM_001384629.1",5.7743223676616,-5.6921382739491,4.41544599882604,-1.28914231438059,0.197348615166107,0.620463109107511
"NM_001384625.1",0,NA,NA,NA,NA,NA
"NM_001384623.1",0,NA,NA,NA,NA,NA
"XM_011528405.2",0,NA,NA,NA,NA,NA
"NM_001384626.1",0,NA,NA,NA,NA,NA
"NM_001384624.1",0,NA,NA,NA,NA,NA
"NM_001384621.1",0,NA,NA,NA,NA,NA
"NM_001384612.1",0,NA,NA,NA,NA,NA
"NM_001384627.1",0,NA,NA,NA,NA,NA
"NM_001384613.1",0,NA,NA,NA,NA,NA
"NM_001384628.1",0,NA,NA,NA,NA,NA
"XM_047439653.1",0,NA,NA,NA,NA,NA
"NM_001384614.1",9.52049089701783,7.03926941430113,4.33310324602283,1.62453304586319,0.10426209355561,0.620463109107511
"NM_001384611.1",0,NA,NA,NA,NA,NA
"XM_047439652.1",1.15486447353232,-3.37147752556338,4.44741099919769,-0.758076446312607,0.448405219254007,0.69520189031629
"NM_001384635.1",0,NA,NA,NA,NA,NA
"NM_001384638.1",0,NA,NA,NA,NA,NA
"NM_001384637.1",0,NA,NA,NA,NA,NA
"NM_001384634.1",0.774682575347103,3.42340383880911,4.39028400466066,0.779768196129195,0.435527329596036,0.683387071920751
"NM_001365987.2",0,NA,NA,NA,NA,NA
"NM_001384633.1",0,NA,NA,NA,NA,NA
"NM_001384632.1",0,NA,NA,NA,NA,NA
"NM_001384636.1",0,NA,NA,NA,NA,NA
"NM_001384616.1",0,NA,NA,NA,NA,NA
"XM_047439654.1",0,NA,NA,NA,NA,NA
"NR_156761.1",0.810474216429899,3.48526747885376,4.21888120449147,0.826111784124972,0.408740683554025,0.664618997648822
"XR_007064911.1",0,NA,NA,NA,NA,NA
"NM_001363905.1",0,NA,NA,NA,NA,NA
"NM_001363891.1",0.774682575347103,-2.79552146331817,4.46690660462631,-0.625829396214126,0.531426848293844,0.771993309481165
"NM_001363898.1",0,NA,NA,NA,NA,NA
"NM_001363899.1",0,NA,NA,NA,NA,NA
"NM_001363894.1",0,NA,NA,NA,NA,NA
"NM_001363988.1",0,NA,NA,NA,NA,NA
"NM_001363896.1",0,NA,NA,NA,NA,NA
"NM_001363903.1",0.204146783478487,-0.920402025737667,3.37848899779909,-0.272430079345312,0.785291347049219,0.929338872247596
"NM_001363900.1",0.57743223676616,-2.37288320481938,4.48697702919462,-0.528837832103922,0.596917951009212,0.829052709735016
"NM_001363901.1",0.57743223676616,-2.37288320481938,4.48697702919462,-0.528837832103922,0.596917951009212,0.829052709735016
"NM_001363897.1",0,NA,NA,NA,NA,NA
"XM_047434606.1",0,NA,NA,NA,NA,NA
"XM_047434607.1",0,NA,NA,NA,NA,NA
"XM_011523314.4",0,NA,NA,NA,NA,NA
"XM_011523316.4",0,NA,NA,NA,NA,NA
"XM_017023656.3",6.91303957767959,3.49023902370281,3.56118700781346,0.980077433744708,0.327047897339487,0.627659634627179
"XM_024450437.2",0,NA,NA,NA,NA,NA
"XM_017023654.3",0,NA,NA,NA,NA,NA
"XM_011523315.4",0,NA,NA,NA,NA,NA
"XM_047434608.1",0,NA,NA,NA,NA,NA
"XM_017023657.3",0,NA,NA,NA,NA,NA
"XM_047434609.1",0,NA,NA,NA,NA,NA
"NM_001080432.3",0,NA,NA,NA,NA,NA
"XM_054313884.1",0,NA,NA,NA,NA,NA
"XM_054313885.1",0,NA,NA,NA,NA,NA
"XM_054313886.1",2.51771836987808,-4.49483576667187,4.42581627211106,-1.01559474915299,0.309822406343712,0.62082890811225
"XM_054313889.1",0,NA,NA,NA,NA,NA
"XM_054313890.1",1.73229671029848,-3.95593423655875,4.43412681017629,-0.892156315304269,0.372309153420262,0.627659634627179
"XM_054313893.1",0,NA,NA,NA,NA,NA
"XM_054313887.1",0,NA,NA,NA,NA,NA
"XM_054313888.1",0,NA,NA,NA,NA,NA
"XM_054313891.1",0,NA,NA,NA,NA,NA
"XM_054313892.1",0,NA,NA,NA,NA,NA
"XM_047438600.1",0,NA,NA,NA,NA,NA
"XM_047438599.1",0,NA,NA,NA,NA,NA
"XM_011526710.3",5.03543673975617,-5.49455342593592,4.41662433028853,-1.2440617573596,0.213476834525737,0.620463109107511
"XM_011526709.3",0,NA,NA,NA,NA,NA
"NM_000164.4",3.87341287673551,5.74279181412848,4.34054160920213,1.32305880951665,0.185815821307373,0.620463109107511
"XM_011526713.3",5.71610993739765,-5.67664924729644,4.41553266433646,-1.28560916175432,0.198579497690246,0.620463109107511
"NM_001308418.2",7.40482625323609,6.6766291002431,4.3345639441649,1.54032312967283,0.123481608521792,0.620463109107511
"XM_047438601.1",1.74303579453098,-3.96455758685495,4.43396806967855,-0.894133093552559,0.371250684705421,0.627659634627179
"XM_011526716.3",3.47049531913429,-4.95642358254501,4.4207839089547,-1.12116395748395,0.262218078506229,0.620463109107511
"XM_047438602.1",0,NA,NA,NA,NA,NA
"XM_047438603.1",0,NA,NA,NA,NA,NA
"XM_011526715.3",0,NA,NA,NA,NA,NA
"XM_054320524.1",0,NA,NA,NA,NA,NA
"XM_054320523.1",3.07963859608618,-4.78554396801773,4.42246279159323,-1.08209931740176,0.27920839909838,0.620463109107511
"XM_054320521.1",0,NA,NA,NA,NA,NA
"XM_054320520.1",0,NA,NA,NA,NA,NA
"XM_054320525.1",0,NA,NA,NA,NA,NA
"XM_054320526.1",0.192477412255387,-0.920402260742985,3.26744686950522,-0.281688516294791,0.77818236073994,0.929338872247596
"XM_054320528.1",3.09873030138841,5.42103202857342,4.34367245753978,1.24802965268791,0.212020198230164,0.620463109107511
"XM_054320529.1",0,NA,NA,NA,NA,NA
"XM_054320530.1",0,NA,NA,NA,NA,NA
"XM_054320522.1",5.00441271864005,-5.48574110229391,4.41668072918935,-1.24205063454989,0.214217880630465,0.620463109107511
"XM_054320527.1",0,NA,NA,NA,NA,NA
"NM_194251.3",56.1591291149548,0.150842039240144,0.21719468129469,0.69450153355957,0.487367739417388,0.738435968814224
"NM_006794.4",40.1501722026901,-0.0521917737732797,0.411547253096975,-0.12681842335364,0.899084113744994,0.960555038292826
"NM_001244189.2",0,NA,NA,NA,NA,NA
"NM_001244190.2",5.22910738359294,-5.54899017057674,4.41628345377965,-1.25648415203686,0.208940488245668,0.620463109107511
"NM_001244192.2",0,NA,NA,NA,NA,NA
"NM_001244191.2",5.92025672087614,-5.72729291248231,4.41525271094714,-1.29716083935176,0.194575851783183,0.620463109107511
"XM_047432009.1",0,NA,NA,NA,NA,NA
"XM_024449779.2",0,NA,NA,NA,NA,NA
"XM_024449781.2",0,NA,NA,NA,NA,NA
"XM_047432000.1",0,NA,NA,NA,NA,NA
"XM_047432003.1",0,NA,NA,NA,NA,NA
"XM_047432006.1",4.26075416440906,5.88023341071753,4.33940237706973,1.35507908687838,0.175392360920925,0.620463109107511
"XM_024449780.2",0,NA,NA,NA,NA,NA
"XM_024449791.2",0,NA,NA,NA,NA,NA
"NM_001329944.2",0,NA,NA,NA,NA,NA
"NM_001329943.3",0,NA,NA,NA,NA,NA
"NM_001329946.2",0,NA,NA,NA,NA,NA
"XM_047432001.1",0,NA,NA,NA,NA,NA
"NM_001329947.2",0,NA,NA,NA,NA,NA
"XM_047432012.1",0,NA,NA,NA,NA,NA
"NM_014749.5",4.2345030696185,-5.24480484791112,4.41836375761228,-1.1870468652281,0.23520913527196,0.620463109107511
"XM_047432002.1",7.40482625323609,6.6766291002431,4.3345639441649,1.54032312967283,0.123481608521792,0.620463109107511
"NM_001364701.2",0,NA,NA,NA,NA,NA
"NM_001329945.2",0,NA,NA,NA,NA,NA
"XM_047432004.1",1.54936515069421,4.42184993182373,4.35928217347437,1.01435276631783,0.310414454056125,0.62082890811225
"XM_047432010.1",0,NA,NA,NA,NA,NA
"XM_047432007.1",0,NA,NA,NA,NA,NA
"XM_047432013.1",0.384954824510773,-1.78934219132915,4.44718444659177,-0.402353941649635,0.687423561520115,0.870156406987487
"XM_047432008.1",0,NA,NA,NA,NA,NA
"XM_047432014.1",0,NA,NA,NA,NA,NA
"XM_047432005.1",0,NA,NA,NA,NA,NA
"XM_047432011.1",0,NA,NA,NA,NA,NA
"XM_047432015.1",0,NA,NA,NA,NA,NA
"NM_001364700.1",0,NA,NA,NA,NA,NA
"XM_024449787.2",0,NA,NA,NA,NA,NA
"NM_001244193.2",0,NA,NA,NA,NA,NA
"XM_054377121.1",0,NA,NA,NA,NA,NA
"XM_054377128.1",0,NA,NA,NA,NA,NA
"XM_054377116.1",0,NA,NA,NA,NA,NA
"XM_054377118.1",0,NA,NA,NA,NA,NA
"XM_054377119.1",0,NA,NA,NA,NA,NA
"XM_054377122.1",0,NA,NA,NA,NA,NA
"XM_054377125.1",0,NA,NA,NA,NA,NA
"XM_054377117.1",0,NA,NA,NA,NA,NA
"XM_054377136.1",0,NA,NA,NA,NA,NA
"XM_054377120.1",0,NA,NA,NA,NA,NA
"XM_054377131.1",0,NA,NA,NA,NA,NA
"XM_054377123.1",0,NA,NA,NA,NA,NA
"XM_054377129.1",0,NA,NA,NA,NA,NA
"XM_054377126.1",0,NA,NA,NA,NA,NA
"XM_054377132.1",0,NA,NA,NA,NA,NA
"XM_054377127.1",0,NA,NA,NA,NA,NA
"XM_054377133.1",0,NA,NA,NA,NA,NA
"XM_054377124.1",0,NA,NA,NA,NA,NA
"XM_054377130.1",0,NA,NA,NA,NA,NA
"XM_054377135.1",0,NA,NA,NA,NA,NA
"XM_054377134.1",0,NA,NA,NA,NA,NA
"XR_938783.2",0,NA,NA,NA,NA,NA
"XM_047416253.1",0,NA,NA,NA,NA,NA
"XM_047416259.1",0,NA,NA,NA,NA,NA
"XM_047416258.1",0,NA,NA,NA,NA,NA
"XM_047416255.1",0,NA,NA,NA,NA,NA
"XM_047416252.1",2.04146783478487,-4.19029186512156,4.4301312274431,-0.945861792798412,0.34421908321874,0.627659634627179
"XM_047416268.1",0,NA,NA,NA,NA,NA
"XM_047416256.1",0,NA,NA,NA,NA,NA
"XM_047416262.1",0.193670643836776,1.46811003508201,3.27386917779923,0.448432712289655,0.653840937679464,0.857180142109806
"XM_047416251.1",0,NA,NA,NA,NA,NA
"XM_047416257.1",0,NA,NA,NA,NA,NA
"XM_047416263.1",0,NA,NA,NA,NA,NA
"XM_047416254.1",0,NA,NA,NA,NA,NA
"XM_011532320.4",0,NA,NA,NA,NA,NA
"XM_047416260.1",1.05783232189087,3.8673162993036,4.37387158989494,0.884186062580886,0.376595780776307,0.627659634627179
"NM_001384125.1",0,NA,NA,NA,NA,NA
"XM_011532325.2",0,NA,NA,NA,NA,NA
"XM_011532324.2",0,NA,NA,NA,NA,NA
"XM_047416265.1",0,NA,NA,NA,NA,NA
"XM_005263282.2",0,NA,NA,NA,NA,NA
"XM_017008695.2",0,NA,NA,NA,NA,NA
"XM_005263287.2",0,NA,NA,NA,NA,NA
"XM_017008697.2",0,NA,NA,NA,NA,NA
"XM_011532323.2",0,NA,NA,NA,NA,NA
"XM_047416266.1",0,NA,NA,NA,NA,NA
"XM_047416267.1",0,NA,NA,NA,NA,NA
"XM_047416271.1",0,NA,NA,NA,NA,NA
"XM_011532326.2",0,NA,NA,NA,NA,NA
"XM_011532322.2",0,NA,NA,NA,NA,NA
"XM_006714344.2",0,NA,NA,NA,NA,NA
"XM_047416269.1",0,NA,NA,NA,NA,NA
"XM_047416261.1",0,NA,NA,NA,NA,NA
"XM_047416270.1",0,NA,NA,NA,NA,NA
"XM_047416273.1",0,NA,NA,NA,NA,NA
"XM_047416275.1",0,NA,NA,NA,NA,NA
"XM_047416276.1",0,NA,NA,NA,NA,NA
"XM_047416277.1",0,NA,NA,NA,NA,NA
"XM_017008699.2",0.846265857512696,3.54483013981472,4.38528859624283,0.808345918864225,0.418891475388659,0.664907103791522
"NM_015312.4",4.61945789412928,-5.37029700699082,4.41745221648195,-1.21570007864572,0.224099194205279,0.620463109107511
"XM_047416264.1",0,NA,NA,NA,NA,NA
"XM_047416272.1",1.93670643836776,-4.11648489913551,4.43132066405274,-0.928952159235235,0.352913880003314,0.627659634627179
"XM_011532330.2",0,NA,NA,NA,NA,NA
"XM_024454243.1",2.32404772604131,5.00627121005546,4.34888390615749,1.15116230234778,0.249665470762498,0.620463109107511
"XM_017008698.2",0.193670643836776,-0.920402236509654,3.27907123944016,-0.280689917754515,0.778948242469296,0.929338872247596
"XM_054350987.1",0,NA,NA,NA,NA,NA
"XM_054350999.1",0,NA,NA,NA,NA,NA
"XM_054350993.1",0,NA,NA,NA,NA,NA
"XM_054350992.1",0,NA,NA,NA,NA,NA
"XM_054350986.1",2.04146783478487,-4.19029186512156,4.4301312274431,-0.945861792798412,0.34421908321874,0.627659634627179
"XM_054351010.1",0,NA,NA,NA,NA,NA
"XM_054350990.1",0,NA,NA,NA,NA,NA
"XM_054351001.1",0.193670643836776,1.46811003508201,3.27386917779923,0.448432712289655,0.653840937679464,0.857180142109806
"XM_054350985.1",0,NA,NA,NA,NA,NA
"XM_054350991.1",0,NA,NA,NA,NA,NA
"XM_054351002.1",0,NA,NA,NA,NA,NA
"XM_054350988.1",0,NA,NA,NA,NA,NA
"XM_054350984.1",0,NA,NA,NA,NA,NA
"XM_054350998.1",1.05783232189087,3.8673162993036,4.37387158989494,0.884186062580886,0.376595780776307,0.627659634627179
"XM_054350996.1",0,NA,NA,NA,NA,NA
"XM_054350995.1",0,NA,NA,NA,NA,NA
"XM_054351004.1",0,NA,NA,NA,NA,NA
"XM_054351005.1",0,NA,NA,NA,NA,NA
"XM_054351008.1",0,NA,NA,NA,NA,NA
"XM_054351007.1",0,NA,NA,NA,NA,NA
"XM_054351012.1",0,NA,NA,NA,NA,NA
"XM_054350994.1",0,NA,NA,NA,NA,NA
"XM_054351006.1",0,NA,NA,NA,NA,NA
"XM_054351009.1",0,NA,NA,NA,NA,NA
"XM_054351014.1",0,NA,NA,NA,NA,NA
"XM_054350997.1",0,NA,NA,NA,NA,NA
"XM_054350989.1",0,NA,NA,NA,NA,NA
"XM_054351024.1",0,NA,NA,NA,NA,NA
"XM_054351011.1",0,NA,NA,NA,NA,NA
"XM_054351000.1",0,NA,NA,NA,NA,NA
"XM_054351013.1",0,NA,NA,NA,NA,NA
"XM_054351003.1",0,NA,NA,NA,NA,NA
"XM_054351015.1",1.93670643836776,-4.11648489913551,4.43132066405274,-0.928952159235235,0.352913880003314,0.627659634627179
"XM_054351017.1",0,NA,NA,NA,NA,NA
"XM_054351018.1",2.32404772604131,5.00627121005546,4.34888390615749,1.15116230234778,0.249665470762498,0.620463109107511
"XM_054351019.1",0.193670643836776,-0.920402236509654,3.27907123944016,-0.280689917754515,0.778948242469296,0.929338872247596
"XM_011538224.4",6.15927719217237,-5.7852255748164,4.41494426606395,-1.31037341043811,0.190069544152589,0.620463109107511
"NM_173598.6",13.1768403642377,-6.88215848893088,2.98883379117846,-2.30262335404651,0.0213000439909166,0.620463109107511
"XM_011538225.4",7.9404963973078,6.77806481652388,4.31650126002282,1.57026823536432,0.116352720784721,0.620463109107511
"XM_017019210.3",6.34699393134522,6.45418325532322,4.33565923937596,1.48862788770553,0.136585383766177,0.620463109107511
"XM_017019208.3",0,NA,NA,NA,NA,NA
"XM_011538226.4",2.93967145859538,2.51483777328386,4.11097281341637,0.611737875053944,0.540711198675112,0.778001724712391
"XM_011538229.4",3.29240094522519,-4.88172900365808,4.4214934611383,-1.10409051750611,0.26955387424403,0.620463109107511
"XM_017019209.3",0,NA,NA,NA,NA,NA
"XM_054371839.1",4.49122923652672,-5.32858595658336,4.41774646151003,-1.20617740357196,0.227749094667475,0.620463109107511
"XM_054371841.1",0,NA,NA,NA,NA,NA
"XM_054371845.1",0,NA,NA,NA,NA,NA
"XM_054371840.1",0,NA,NA,NA,NA,NA
"XM_054371842.1",0,NA,NA,NA,NA,NA
"XM_054371844.1",0,NA,NA,NA,NA,NA
"XM_054371843.1",0,NA,NA,NA,NA,NA
"NM_000230.3",27.6883586966798,-7.95316769455977,1.74538681002298,-4.55667915495194,5.19687142786083e-06,0.000519687142786083
"XM_005250340.6",19.3002503620039,0.649932160486576,3.35332677962167,0.193817126453719,0.846319076323642,0.946901162944655
"XM_054358206.1",0,NA,NA,NA,NA,NA
"NM_001003679.3",0,NA,NA,NA,NA,NA
"NM_001003680.3",8.90884961649168,6.94403265166372,4.33345209144495,1.60242515784876,0.109061625300579,0.620463109107511
"NM_002303.6",12.7729972704139,1.77649247844225,2.78564926740971,0.637730133231794,0.523649366580763,0.771993309481165
"NM_001198689.2",10.0761000761115,0.615445070995773,2.98736063087765,0.206016329141675,0.836778156088911,0.946901162944655
"NM_001198687.2",0,NA,NA,NA,NA,NA
"NM_001198688.1",2.75036403691626,5.24723300964141,4.34567632894783,1.20746061428645,0.227254804264168,0.620463109107511
"NM_005912.3",19.2071856754854,-1.840504585708,1.60450692471437,-1.14708422715947,0.251346812016153,0.620463109107511
"XM_017010220.2",0,NA,NA,NA,NA,NA
"XM_017010221.3",0.57743223676616,-2.37288320481938,4.48697702919462,-0.528837832103922,0.596917951009212,0.829052709735016
"NM_001346542.2",0,NA,NA,NA,NA,NA
"XM_047418132.1",5.58184495540621,-5.64324079544154,4.41572278631078,-1.27798801431471,0.201253652400706,0.620463109107511
"NM_001346543.2",5.61644867126649,-5.65206371826126,4.41567214871936,-1.28000076271525,0.200544867665982,0.620463109107511
"NM_138409.4",12.6653620557542,4.89295361794021,2.93988153433611,1.66433700160818,0.0960451019465877,0.620463109107511
"NM_001346541.2",0,NA,NA,NA,NA,NA
"NM_001346544.2",0,NA,NA,NA,NA,NA
"XM_047418133.1",5.22910738359294,2.09920749780243,4.08969674875455,0.513291724732821,0.607747271731833,0.832530509221688
"XM_054354133.1",7.55343098870404,-6.07887107589494,4.41355762745422,-1.37731770807336,0.168414042720138,0.620463109107511
"NR_045259.2",4.84176609591939,-5.43798171023548,4.41699244218011,-1.23115033168393,0.218266643881742,0.620463109107511
"XM_047425977.1",0,NA,NA,NA,NA,NA
"XM_006717525.3",11.677069344485,1.15760386848479,4.18230953787341,0.276785794547717,0.78194458950678,0.929338872247596
"XM_006717524.3",0,NA,NA,NA,NA,NA
"XM_017016865.3",0,NA,NA,NA,NA,NA
"NM_001244973.2",0,NA,NA,NA,NA,NA
"XM_047425976.1",0,NA,NA,NA,NA,NA
"NM_001244972.2",0,NA,NA,NA,NA,NA
"NM_001330068.2",0,NA,NA,NA,NA,NA
"NM_003873.7",0,NA,NA,NA,NA,NA
"XM_006717522.3",0,NA,NA,NA,NA,NA
"XM_006717521.3",0,NA,NA,NA,NA,NA
"XM_047425978.1",6.95424470440309,1.07930172404015,4.10891140272551,0.262673398926107,0.792802321566302,0.932708613607414
"XM_011519756.3",0,NA,NA,NA,NA,NA
"XM_011519755.4",0,NA,NA,NA,NA,NA
"XM_006717526.3",0,NA,NA,NA,NA,NA
"NM_001024629.3",0,NA,NA,NA,NA,NA
"NM_001024628.3",0,NA,NA,NA,NA,NA
"XM_054367078.1",3.5001247702684,-1.18571381931222,3.12334375622088,-0.379629625125506,0.704220366636579,0.880275458295724
"XM_054367073.1",0,NA,NA,NA,NA,NA
"XM_054367076.1",0,NA,NA,NA,NA,NA
"XM_054367081.1",0,NA,NA,NA,NA,NA
"XM_054367077.1",0,NA,NA,NA,NA,NA
"XM_054367072.1",0,NA,NA,NA,NA,NA
"XM_054367089.1",0,NA,NA,NA,NA,NA
"XM_054367083.1",0,NA,NA,NA,NA,NA
"XM_054367074.1",0,NA,NA,NA,NA,NA
"XM_054367087.1",0,NA,NA,NA,NA,NA
"XM_054367082.1",0,NA,NA,NA,NA,NA
"XM_054367075.1",0,NA,NA,NA,NA,NA
"XM_054367071.1",0,NA,NA,NA,NA,NA
"XM_054367088.1",0,NA,NA,NA,NA,NA
"XM_054367086.1",0,NA,NA,NA,NA,NA
"XM_054367080.1",0,NA,NA,NA,NA,NA
"XM_054367079.1",0,NA,NA,NA,NA,NA
"XM_054367070.1",0,NA,NA,NA,NA,NA
"XM_054367090.1",0,NA,NA,NA,NA,NA
"XM_054367085.1",0,NA,NA,NA,NA,NA
"XM_054367084.1",0,NA,NA,NA,NA,NA
"XM_054367092.1",0,NA,NA,NA,NA,NA
"XM_054367091.1",0,NA,NA,NA,NA,NA
"XM_054367093.1",0,NA,NA,NA,NA,NA
"XR_007083522.1",0,NA,NA,NA,NA,NA
"XR_923057.4",4.82864054852411,-5.43418586726786,4.11065850547863,-1.32197453522964,0.186176630653586,0.620463109107511
"NM_201266.2",3.67974223289874,5.66882689486819,4.3412009835535,1.30581996003971,0.191613790619399,0.620463109107511
"NM_003872.3",0,NA,NA,NA,NA,NA
"NM_201279.2",5.56912797387951,1.95883105590498,4.10634336253723,0.477025636427699,0.633343866395191,0.857180142109806
"XM_047446170.1",0,NA,NA,NA,NA,NA
"XM_047446172.1",2.24561461826336,-4.32792703519939,4.42806857656483,-0.97738482599492,0.328378672327243,0.627659634627179
"XM_047446171.1",2.32404772604131,5.00627121005546,4.34888390615749,1.15116230234778,0.249665470762498,0.620463109107511
"XM_047446173.1",0.769909649021546,-2.78723695801312,4.46724693465235,-0.623927219333361,0.532675383542004,0.771993309481165
"XM_017005188.3",1.21571132464485,0.706482224925362,4.30685453856383,0.164036704420704,0.869702249207704,0.947378301966543
"NM_018534.4",0,NA,NA,NA,NA,NA
"NM_201267.2",4.69537602000521,-5.39274481893716,4.41729733962068,-1.22082450066634,0.222152475157135,0.620463109107511
"XM_047446174.1",4.62900374678039,-5.37331638410643,4.11396690052946,-1.30611560910101,0.191513245570986,0.620463109107511
"XM_047446175.1",0,NA,NA,NA,NA,NA
"XM_047446176.1",4.0702669026909,5.81356041771662,3.90428568340568,1.48902024317173,0.13648203820491,0.620463109107511
"NM_201264.2",0,NA,NA,NA,NA,NA
"XR_008486580.1",0,NA,NA,NA,NA,NA
"XR_008486581.1",0,NA,NA,NA,NA,NA
"XM_054344366.1",0,NA,NA,NA,NA,NA
"XM_054344363.1",0,NA,NA,NA,NA,NA
"XM_054344367.1",0,NA,NA,NA,NA,NA
"XM_054344368.1",0,NA,NA,NA,NA,NA
"XM_054344364.1",0,NA,NA,NA,NA,NA
"XM_054344365.1",0,NA,NA,NA,NA,NA
"XM_054344369.1",0,NA,NA,NA,NA,NA
"XM_054344370.1",0,NA,NA,NA,NA,NA
"XM_017014751.3",0,NA,NA,NA,NA,NA
"XM_017014753.3",5.0807689271312,-1.7414961808693,4.14570269421062,-0.420072617194972,0.674432405804082,0.864656930518054
"XM_047423432.1",0,NA,NA,NA,NA,NA
"XM_017014752.2",0,NA,NA,NA,NA,NA
"XM_005252001.4",12.808667975715,-6.84107022659284,4.26725767454836,-1.60315376954987,0.108900709283835,0.620463109107511
"XM_011518718.4",0,NA,NA,NA,NA,NA
"XM_005252003.4",0,NA,NA,NA,NA,NA
"XM_047423433.1",0,NA,NA,NA,NA,NA
"NM_001369532.1",0,NA,NA,NA,NA,NA
"XM_005252004.3",0,NA,NA,NA,NA,NA
"NM_001369533.1",6.58480189045037,-5.88150521270065,4.4144582307997,-1.332327752399,0.182752511431003,0.620463109107511
"XM_017014755.1",0,NA,NA,NA,NA,NA
"NM_001018066.3",0.384954824510773,-1.78934219132915,4.44718444659177,-0.402353941649635,0.687423561520115,0.870156406987487
"NM_001369537.1",0,NA,NA,NA,NA,NA
"XM_017014760.3",2.75036403691626,5.24723300964141,4.34567632894783,1.20746061428645,0.227254804264168,0.620463109107511
"NM_001369544.1",0,NA,NA,NA,NA,NA
"NM_001291937.2",2.71138901371486,-4.60171199124791,4.42450451560789,-1.04005137185755,0.298316034242257,0.62082890811225
"NM_001369542.1",1.92477412255387,-4.10783320864212,4.43146409531293,-0.92696975994613,0.353942235299974,0.627659634627179
"NM_001007097.3",1.02073391739244,-3.18887579799558,4.45278068623514,-0.716153797525518,0.473896388268215,0.723505936287351
"NM_001369543.1",0,NA,NA,NA,NA,NA
"NM_001369545.1",0,NA,NA,NA,NA,NA
"NM_001369539.1",0,NA,NA,NA,NA,NA
"NM_001369541.1",0,NA,NA,NA,NA,NA
"NM_001369540.1",0,NA,NA,NA,NA,NA
"NM_001369547.1",0,NA,NA,NA,NA,NA
"NM_001369546.1",0,NA,NA,NA,NA,NA
"NM_001018065.2",0,NA,NA,NA,NA,NA
"NM_006180.6",0,NA,NA,NA,NA,NA
"NM_001369534.1",0,NA,NA,NA,NA,NA
"NM_001018064.3",0,NA,NA,NA,NA,NA
"NM_001369548.1",0,NA,NA,NA,NA,NA
"NM_001369538.1",1.16202386302065,4.00734077544735,4.36964799160499,0.917085491359095,0.359097843163181,0.627659634627179
"NM_001369549.1",0,NA,NA,NA,NA,NA
"NM_001369536.1",0,NA,NA,NA,NA,NA
"NM_001369535.1",2.32404772604131,5.00627121005546,4.34888390615749,1.15116230234778,0.249665470762498,0.620463109107511
"NM_001369550.1",0.581011931510327,3.00935325784305,4.41079537911243,0.682269976089577,0.495068254217575,0.738907842115783
"NM_001369551.1",0,NA,NA,NA,NA,NA
"NM_001369552.1",0,NA,NA,NA,NA,NA
"XM_054363020.1",0,NA,NA,NA,NA,NA
"XM_054363024.1",0.846265857512696,3.54483013981472,4.38528859624283,0.808345918864225,0.418891475388659,0.664907103791522
"XM_054363018.1",0,NA,NA,NA,NA,NA
"XM_054363026.1",0,NA,NA,NA,NA,NA
"XM_054363019.1",0,NA,NA,NA,NA,NA
"XM_054363025.1",0,NA,NA,NA,NA,NA
"XM_054363021.1",0,NA,NA,NA,NA,NA
"XM_054363022.1",0,NA,NA,NA,NA,NA
"XM_054363023.1",0,NA,NA,NA,NA,NA
"XM_054363027.1",0,NA,NA,NA,NA,NA
"XM_054363028.1",0,NA,NA,NA,NA,NA
"NM_000439.5",22.6727452639953,-7.66505962566633,1.9707690486947,-3.88937487664682,0.000100502769373015,0.00670018462486769
"NM_001177875.2",25.6015210997074,8.46664483609688,1.64515892333735,5.14639936360769,2.65533810342454e-07,5.31067620684908e-05
"NR_190763.1",0,NA,NA,NA,NA,NA
"NR_190764.1",9.53201995332202,0.773074274138144,4.1855745423688,0.184699678935984,0.853464598015985,0.946901162944655
"NR_190766.1",0,NA,NA,NA,NA,NA
"NR_190765.1",8.68912656308552,-0.126474767103092,3.48436309067359,-0.0362978150703122,0.971044892114627,0.978321572450674
"NM_001429700.1",0,NA,NA,NA,NA,NA
"NM_001429699.1",10.0303036057451,-0.323178769059084,4.1865866334157,-0.0771938567996173,0.938469328629715,0.970374910135025
"NM_001363570.2",3.2663485356558,-4.86890736198507,4.42161898409099,-1.10115941231106,0.270827283006278,0.620463109107511
"NM_000922.4",1.35569450685743,4.22943187794973,4.36372863472383,0.969224310671968,0.33243328404532,0.627659634627179
"NM_001363569.2",0,NA,NA,NA,NA,NA
"XM_006718249.4",0,NA,NA,NA,NA,NA
"XM_047427115.1",0,NA,NA,NA,NA,NA
"XM_054369107.1",0,NA,NA,NA,NA,NA
"XM_054369108.1",0,NA,NA,NA,NA,NA
"XM_005248729.6",4.61945789412928,-5.37029700699082,4.41745221648195,-1.21570007864572,0.224099194205279,0.620463109107511
"NM_017934.7",0,NA,NA,NA,NA,NA
"XM_011535918.4",10.0268829238211,1.11370988487967,3.00168122149356,0.371028701150854,0.71061615461475,0.882752987099068
"XM_011535919.2",0,NA,NA,NA,NA,NA
"XM_054355760.1",4.92557521305309,1.59922382907319,4.09337392878902,0.390685985911457,0.696029358851245,0.875508627485843
"XM_054355761.1",4.37599170046789,-5.29154416957467,4.11013484111251,-1.287438094888,0.197941633556396,0.620463109107511
"XM_054355762.1",0,NA,NA,NA,NA,NA
"NM_000939.4",16.0957426411124,7.79751330731005,2.71633405444643,2.87060175627004,0.00409691312152234,0.204845656076117
"NM_001319205.2",32.3008740288523,-0.411397051373057,1.99728445337164,-0.205978197386242,0.836807942093007,0.946901162944655
"NM_001035256.3",3.84954824510773,-5.10734748902037,4.41945729601002,-1.15565037671738,0.247824193359656,0.620463109107511
"NM_001319204.2",0,NA,NA,NA,NA,NA
"NM_001354666.3",2.44976140174185,-4.45356745547651,4.42634925265229,-1.00614913132033,0.314343837636349,0.622463044824454
"NM_138712.5",0,NA,NA,NA,NA,NA
"NM_005037.7",3.48607158906196,-4.96416722082143,4.42071242268204,-1.12293375957934,0.261465628265249,0.620463109107511
"NM_001374261.3",0,NA,NA,NA,NA,NA
"NM_001354669.2",1.22488070087092,-3.4523765313065,4.44523897909804,-0.776645878329584,0.437367726029281,0.683387071920751
"NM_001354667.3",0,NA,NA,NA,NA,NA
"NM_001374262.3",3.67974223289874,-1.31903173461599,4.1282773485434,-0.319511414387261,0.749338737217662,0.913827728314222
"NM_138711.6",0,NA,NA,NA,NA,NA
"NM_001330615.4",3.84954824510773,-5.10734748902037,4.41945729601002,-1.15565037671738,0.247824193359656,0.620463109107511
"NM_001374266.1",2.65390818522034,-4.56913815208251,4.42489411012146,-1.03259830368169,0.301791922350779,0.62082890811225
"NM_001354670.2",0.211566464378174,1.51935692972406,3.44019293620113,0.441648755724099,0.658743396984004,0.857180142109806
"NM_001374263.2",0,NA,NA,NA,NA,NA
"NM_001374264.2",12.0887133464015,7.38403595414449,3.26408647373531,2.26220598429626,0.0236846797598064,0.620463109107511
"NM_015869.5",0,NA,NA,NA,NA,NA
"NM_001374265.1",0,NA,NA,NA,NA,NA
"NM_001354668.2",0,NA,NA,NA,NA,NA
"XM_017006982.2",4.64809545208262,-5.37910081153828,4.4173911886121,-1.21770986128769,0.223334248320013,0.620463109107511
"XM_047448664.1",5.40720175750204,-0.254267240688233,4.13496679753428,-0.0614919667166021,0.950967411932325,0.970374910135025
"XM_047448661.1",6.15045591392401,0.790997288471187,4.13512462534589,0.191287412142995,0.848300422653267,0.946901162944655
"XM_017006984.1",0,NA,NA,NA,NA,NA
"NM_002941.4",0,NA,NA,NA,NA,NA
"XM_011533980.1",4.23132928756348,5.8690312255834,4.33949123288409,1.35246988889127,0.176225045047117,0.620463109107511
"XM_011533978.1",0,NA,NA,NA,NA,NA
"XM_011533979.1",0,NA,NA,NA,NA,NA
"XM_011533976.1",0,NA,NA,NA,NA,NA
"XM_011533977.3",0,NA,NA,NA,NA,NA
"XM_047448665.1",0,NA,NA,NA,NA,NA
"XM_047448663.1",3.07963859608618,-4.78554396801773,4.42246279159323,-1.08209931740176,0.27920839909838,0.620463109107511
"XM_017006983.3",0,NA,NA,NA,NA,NA
"NM_001145845.2",0,NA,NA,NA,NA,NA
"NM_133631.4",0,NA,NA,NA,NA,NA
"XM_006713277.4",0,NA,NA,NA,NA,NA
"XM_017006985.2",0,NA,NA,NA,NA,NA
"XM_047448662.1",0,NA,NA,NA,NA,NA
"XM_054347444.1",0,NA,NA,NA,NA,NA
"XM_054347456.1",0,NA,NA,NA,NA,NA
"XM_054347451.1",3.07963859608618,-4.78554396801773,4.42246279159323,-1.08209931740176,0.27920839909838,0.620463109107511
"XM_054347450.1",0,NA,NA,NA,NA,NA
"XM_054347448.1",0,NA,NA,NA,NA,NA
"NM_001308293.2",15.2582177577567,0.924064043937103,4.17783369062093,0.221182582258262,0.824950270762738,0.946901162944655
"NM_001387404.1",9.73205736139601,7.07098396764845,4.33299209024717,1.63189404004776,0.102701809787654,0.620463109107511
"NM_015503.3",10.4645815314231,3.33156858677543,3.20702526837166,1.03883452981554,0.298881699293026,0.62082890811225
"NM_001387430.1",6.90598252459927,-5.9495703872022,4.16333970793282,-1.42903793698744,0.152993329895028,0.620463109107511
"NM_001145812.2",6.58480189045037,-5.88150521270065,4.4144582307997,-1.332327752399,0.182752511431003,0.620463109107511
"NM_001145797.2",0,NA,NA,NA,NA,NA
"NM_001145796.2",0,NA,NA,NA,NA,NA
"NM_001145795.2",0,NA,NA,NA,NA,NA
"NM_001308294.2",0,NA,NA,NA,NA,NA
"NM_005068.3",14.7710439025689,-0.732538103381556,3.20239224752667,-0.228747151117207,0.819065444947454,0.946896468147346
"NM_001374769.1",7.1658138219607,0.663301029304599,4.10352734734188,0.161641673896547,0.87158803780922,0.947378301966543
"NM_001309443.2",8.90884961649168,6.94403265166372,4.33345209144495,1.60242515784876,0.109061625300579,0.620463109107511
"NM_001309444.2",22.6397395541062,-0.102390957509369,3.39534011387614,-0.0301563183879329,0.975942385549485,0.978321572450674
"NM_003118.4",10.2180080916749,-6.5153886936223,4.21266008541378,-1.54662103315234,0.121954654835745,0.620463109107511
"NM_152834.4",0,NA,NA,NA,NA,NA
"NM_001352680.2",14.9474619383588,-0.650053080798504,3.18985788270911,-0.203787474144905,0.838519581628888,0.946901162944655
"NM_001352681.1",8.75733737797492,1.04864063786185,4.18788480448516,0.250398634828439,0.802279085246329,0.933345941697762
"XM_017010594.2",0,NA,NA,NA,NA,NA
"XM_011514438.3",7.75757777218252,-6.117354926822,4.4133959060055,-1.38608795972685,0.165720046429504,0.620463109107511
"NM_015255.3",11.7129011150321,0.798553067078217,3.19570256063204,0.249883414343881,0.802677509860076,0.933345941697762
"NM_001363705.2",8.32783768498135,-0.314779742118991,3.9890456586254,-0.0789110401477486,0.937103381859032,0.970374910135025
"XM_047418493.1",9.85458765497794,2.18169099424703,4.19145682107908,0.520508998989369,0.602708857380976,0.831322561904794
"XM_017010597.2",0,NA,NA,NA,NA,NA
"XM_047418494.1",0,NA,NA,NA,NA,NA
"XM_047418495.1",0,NA,NA,NA,NA,NA
"NM_001184801.2",0.193670643836776,1.46811003508201,3.27386917779923,0.448432712289655,0.653840937679464,0.857180142109806
"XM_011514440.2",0,NA,NA,NA,NA,NA
"XM_011514441.3",3.09873030138841,5.42103202857342,4.34367245753978,1.24802965268791,0.212020198230164,0.620463109107511
"XM_005248966.4",3.07963859608618,-4.78554396801773,4.42246279159323,-1.08209931740176,0.27920839909838,0.620463109107511
"XM_054354858.1",0,NA,NA,NA,NA,NA
"XM_054354860.1",2.69468377157541,-4.59298648296238,4.42460801805803,-1.0380550015317,0.299244449280088,0.62082890811225
"XM_054354861.1",4.04202565736312,-5.17771272176246,4.41888453208241,-1.17172392357635,0.241307914821763,0.620463109107511
"XM_054354864.1",0,NA,NA,NA,NA,NA
"XM_054354859.1",0,NA,NA,NA,NA,NA
"XM_054354866.1",0,NA,NA,NA,NA,NA
"XM_054354862.1",0,NA,NA,NA,NA,NA
"XM_054354863.1",0,NA,NA,NA,NA,NA
"XM_054354865.1",0,NA,NA,NA,NA,NA
"NM_001184763.1",12.7301576740884,0.50987471565321,4.18028383129092,0.121971314922833,0.902921735995257,0.960555038292826
"NM_144624.2",19.1268646550508,-0.283866236461913,3.31106833875679,-0.0857325211742674,0.931679049136288,0.970374910135025
"NM_175866.5",0,NA,NA,NA,NA,NA
